framework,trace,pattern,predicate_id,n_violations,fired,error
megatron,benchmark/sweep/_runs/dense_190M/trace_rank0.duckdb,P10_config_couple,hyp/param/pfc/build.snapshot/framework_invariants.megatron.n_transformer_layers_in_local_module_positive,0,0,""
megatron,benchmark/sweep/_runs/dense_190M/trace_rank0.duckdb,P3_cross_rank,hyp/param/sp/optim.step.post/total_param_l2_nonzero,0,0,""
megatron,benchmark/sweep/_runs/dense_190M/trace_rank0.duckdb,P1_dtype,hyp/param/pfc/module.fwd.post/module_id_positive,0,0,""
megatron,benchmark/sweep/_runs/dense_190M/trace_rank0.duckdb,P16_loss_norm,hyp/param/pfc/build.snapshot/framework_invariants.megatron.n_transformer_layers_in_local_module_positive,0,0,""
megatron,benchmark/sweep/_runs/dense_190M/trace_rank0.duckdb,P10_config_couple,hyp/param/pfc/build.snapshot/framework_invariants.megatron.n_transformer_layers_in_local_module_positive,0,0,""
megatron,benchmark/sweep/_runs/dense_190M/trace_rank0.duckdb,P10_config_couple,hyp/param/sp/module.fwd.post/output.min_nonzero,14322,1,""
megatron,benchmark/sweep/_runs/dense_190M/trace_rank0.duckdb,P8_topology,hyp/param/tsb/module.fwd.post/output.l2_norm_positive,0,0,""
megatron,benchmark/sweep/_runs/dense_190M/trace_rank0.duckdb,P7_step_progress,hyp/param/pfc/module.fwd.post/module_id_positive,0,0,""
megatron,benchmark/sweep/_runs/dense_190M/trace_rank0.duckdb,P4_invocation,hyp/param/tsb/module.fwd.post/output.l2_norm_positive,0,0,""
megatron,benchmark/sweep/_runs/dense_190M/trace_rank0.duckdb,P13_aliasing,hyp/param/sp/module.fwd.post/output.mean_nonzero,8591,1,""
megatron,benchmark/sweep/_runs/dense_190M/trace_rank0.duckdb,P13_aliasing,hyp/param/tsb/module.fwd.post/output.min_positive,14322,1,""
megatron,benchmark/sweep/_runs/dense_190M/trace_rank0.duckdb,P1_dtype,hyp/param/sp/build.snapshot/model.n_parameters_nonzero,0,0,""
megatron,benchmark/sweep/_runs/dense_190M/trace_rank0.duckdb,P12_alg_variant,hyp/param/sp/module.fwd.post/output.l2_norm_nonzero,0,0,""
megatron,benchmark/sweep/_runs/dense_190M/trace_rank0.duckdb,P3_cross_rank,hyp/param/pfc/build.snapshot/framework_invariants.megatron.n_transformer_layers_in_local_module_positive,0,0,""
megatron,benchmark/sweep/_runs/dense_190M/trace_rank0.duckdb,P3_cross_rank,hyp/param/sp/build.snapshot/optimizer.n_param_groups_nonzero,0,0,""
megatron,benchmark/sweep/_runs/dense_190M/trace_rank0.duckdb,P14_sharded,hyp/param/sp/functional.softmax/output.l2_norm_nonzero,0,0,""
megatron,benchmark/sweep/_runs/dense_190M/trace_rank0.duckdb,P12_alg_variant,hyp/param/tsb/functional.softmax/output.min_positive,0,0,""
megatron,benchmark/sweep/_runs/dense_190M/trace_rank0.duckdb,P3_cross_rank,hyp/param/pfc/optim.step.post/state_step_n_params_positive,0,0,""
megatron,benchmark/sweep/_runs/dense_190M/trace_rank0.duckdb,P1_dtype,hyp/param/sp/build.snapshot/model.n_modules_nonzero,0,0,""
megatron,benchmark/sweep/_runs/dense_190M/trace_rank0.duckdb,P3_cross_rank,hyp/param/pfc/build.snapshot/optimizer.n_param_groups_positive,0,0,""
megatron,benchmark/sweep/_runs/dense_190M/trace_rank0.duckdb,P13_aliasing,hyp/param/csm/functional.softmax/dim,0,0,""
megatron,benchmark/sweep/_runs/dense_190M/trace_rank0.duckdb,P3_cross_rank,hyp/param/sp/build.snapshot/framework_invariants.megatron.n_transformer_layers_in_local_module_nonzero,0,0,""
megatron,benchmark/sweep/_runs/dense_190M/trace_rank0.duckdb,P4_invocation,hyp/param/sp/module.fwd.post/output.abs_max_nonzero,0,0,""
megatron,benchmark/sweep/_runs/dense_190M/trace_rank0.duckdb,P9_init,hyp/param/sp/functional.softmax/callsite.line_nonzero,0,0,""
megatron,benchmark/sweep/_runs/dense_190M/trace_rank0.duckdb,P3_cross_rank,hyp/param/pfc/functional.softmax/output.abs_max_positive,0,0,""
megatron,benchmark/sweep/_runs/dense_190M/trace_rank0.duckdb,P3_cross_rank,hyp/param/csm/optim.step.pre/n_params,29,1,""
megatron,benchmark/sweep/_runs/dense_190M/trace_rank0.duckdb,P5_state_restore,hyp/param/sp/functional.softmax/output.mean_nonzero,0,0,""
megatron,benchmark/sweep/_runs/dense_190M/trace_rank0.duckdb,P14_sharded,hyp/param/sp/module.fwd.post/output.max_nonzero,0,0,""
megatron,benchmark/sweep/_runs/dense_190M/trace_rank0.duckdb,P16_loss_norm,hyp/param/pfc/functional.softmax/output.abs_max_positive,0,0,""
megatron,benchmark/sweep/_runs/dense_190M/trace_rank0.duckdb,P5_state_restore,hyp/param/sp/optim.step.post/state_step_min_nonzero,0,0,""
megatron,benchmark/sweep/_runs/dense_190M/trace_rank0.duckdb,P11_pos_enc,hyp/param/pfc/module.fwd.post/output.abs_max_positive,0,0,""
megatron,benchmark/sweep/_runs/dense_190M/trace_rank0.duckdb,P2_scaling,hyp/param/pfc/module.fwd.post/output.l2_norm_positive,0,0,""
megatron,benchmark/sweep/_runs/dense_190M/trace_rank0.duckdb,P6_structural,hyp/param/sp/build.snapshot/framework_invariants.megatron.n_transformer_layers_in_local_module_nonzero,0,0,""
megatron,benchmark/sweep/_runs/dense_190M/trace_rank0.duckdb,P1_dtype,hyp/param/pfc/optim.step.post/total_param_l2_positive,0,0,""
megatron,benchmark/sweep/_runs/dense_190M/trace_rank0.duckdb,P8_topology,hyp/param/tsb/functional.softmax/output.l2_norm_positive,0,0,""
megatron,benchmark/sweep/_runs/dense_190M/trace_rank0.duckdb,P3_cross_rank,hyp/param/csm/functional.softmax/dim,0,0,""
megatron,benchmark/sweep/_runs/dense_190M/trace_rank0.duckdb,P13_aliasing,hyp/param/sp/module.fwd.post/module_id_nonzero,0,0,""
megatron,benchmark/sweep/_runs/dense_190M/trace_rank0.duckdb,P9_init,hyp/param/sp/functional.softmax/output.mean_nonzero,0,0,""
megatron,benchmark/sweep/_runs/dense_190M/trace_rank0.duckdb,P9_init,hyp/param/sp/module.fwd.post/output.mean_nonzero,8591,1,""
megatron,benchmark/sweep/_runs/dense_190M/trace_rank0.duckdb,P16_loss_norm,hyp/param/pfc/module.fwd.post/output.min_positive,14322,1,""
megatron,benchmark/sweep/_runs/dense_190M/trace_rank0.duckdb,P10_config_couple,hyp/param/tsb/functional.softmax/output.min_positive,0,0,""
megatron,benchmark/sweep/_runs/dense_190M/trace_rank0.duckdb,P10_config_couple,hyp/param/sp/module.fwd.post/output.abs_max_nonzero,0,0,""
megatron,benchmark/sweep/_runs/dense_190M/trace_rank0.duckdb,P8_topology,hyp/param/sp/optim.step.post/state_step_min_nonzero,0,0,""
megatron,benchmark/sweep/_runs/dense_190M/trace_rank0.duckdb,P3_cross_rank,hyp/param/csm/optim.step.post/state_step_n_params,29,1,""
megatron,benchmark/sweep/_runs/dense_190M/trace_rank0.duckdb,P9_init,hyp/param/tsb/functional.softmax/output.l2_norm_positive,0,0,""
megatron,benchmark/sweep/_runs/dense_190M/trace_rank0.duckdb,P15_counter,hyp/param/tsb/functional.softmax/output.max_positive,0,0,""
megatron,benchmark/sweep/_runs/dense_190M/trace_rank0.duckdb,P14_sharded,hyp/param/sp/functional.softmax/output.max_nonzero,0,0,""
megatron,benchmark/sweep/_runs/dense_190M/trace_rank0.duckdb,P12_alg_variant,hyp/param/pfc/module.fwd.post/output.min_positive,14322,1,""
megatron,benchmark/sweep/_runs/dense_190M/trace_rank0.duckdb,P6_structural,hyp/param/sp/functional.softmax/output.min_nonzero,0,0,""
megatron,benchmark/sweep/_runs/dense_190M/trace_rank0.duckdb,P11_pos_enc,hyp/param/sp/build.snapshot/model.n_parameters_nonzero,0,0,""
megatron,benchmark/fault_injection/_runs/FAULT-000-control/trace_rank0.duckdb,P10_config_couple,hyp/param/pfc/build.snapshot/framework_invariants.megatron.n_transformer_layers_in_local_module_positive,0,0,""
megatron,benchmark/fault_injection/_runs/FAULT-000-control/trace_rank0.duckdb,P3_cross_rank,hyp/param/sp/optim.step.post/total_param_l2_nonzero,0,0,""
megatron,benchmark/fault_injection/_runs/FAULT-000-control/trace_rank0.duckdb,P1_dtype,hyp/param/pfc/module.fwd.post/module_id_positive,0,0,""
megatron,benchmark/fault_injection/_runs/FAULT-000-control/trace_rank0.duckdb,P16_loss_norm,hyp/param/pfc/build.snapshot/framework_invariants.megatron.n_transformer_layers_in_local_module_positive,0,0,""
megatron,benchmark/fault_injection/_runs/FAULT-000-control/trace_rank0.duckdb,P10_config_couple,hyp/param/pfc/build.snapshot/framework_invariants.megatron.n_transformer_layers_in_local_module_positive,0,0,""
megatron,benchmark/fault_injection/_runs/FAULT-000-control/trace_rank0.duckdb,P10_config_couple,hyp/param/sp/module.fwd.post/output.min_nonzero,11214,1,""
megatron,benchmark/fault_injection/_runs/FAULT-000-control/trace_rank0.duckdb,P8_topology,hyp/param/tsb/module.fwd.post/output.l2_norm_positive,0,0,""
megatron,benchmark/fault_injection/_runs/FAULT-000-control/trace_rank0.duckdb,P7_step_progress,hyp/param/pfc/module.fwd.post/module_id_positive,0,0,""
megatron,benchmark/fault_injection/_runs/FAULT-000-control/trace_rank0.duckdb,P4_invocation,hyp/param/tsb/module.fwd.post/output.l2_norm_positive,0,0,""
megatron,benchmark/fault_injection/_runs/FAULT-000-control/trace_rank0.duckdb,P13_aliasing,hyp/param/sp/module.fwd.post/output.mean_nonzero,4462,1,""
megatron,benchmark/fault_injection/_runs/FAULT-000-control/trace_rank0.duckdb,P13_aliasing,hyp/param/tsb/module.fwd.post/output.min_positive,11214,1,""
megatron,benchmark/fault_injection/_runs/FAULT-000-control/trace_rank0.duckdb,P1_dtype,hyp/param/sp/build.snapshot/model.n_parameters_nonzero,0,0,""
megatron,benchmark/fault_injection/_runs/FAULT-000-control/trace_rank0.duckdb,P12_alg_variant,hyp/param/sp/module.fwd.post/output.l2_norm_nonzero,0,0,""
megatron,benchmark/fault_injection/_runs/FAULT-000-control/trace_rank0.duckdb,P3_cross_rank,hyp/param/pfc/build.snapshot/framework_invariants.megatron.n_transformer_layers_in_local_module_positive,0,0,""
megatron,benchmark/fault_injection/_runs/FAULT-000-control/trace_rank0.duckdb,P3_cross_rank,hyp/param/sp/build.snapshot/optimizer.n_param_groups_nonzero,0,0,""
megatron,benchmark/fault_injection/_runs/FAULT-000-control/trace_rank0.duckdb,P14_sharded,hyp/param/sp/functional.softmax/output.l2_norm_nonzero,0,0,""
megatron,benchmark/fault_injection/_runs/FAULT-000-control/trace_rank0.duckdb,P12_alg_variant,hyp/param/tsb/functional.softmax/output.min_positive,0,0,""
megatron,benchmark/fault_injection/_runs/FAULT-000-control/trace_rank0.duckdb,P3_cross_rank,hyp/param/pfc/optim.step.post/state_step_n_params_positive,0,0,""
megatron,benchmark/fault_injection/_runs/FAULT-000-control/trace_rank0.duckdb,P1_dtype,hyp/param/sp/build.snapshot/model.n_modules_nonzero,0,0,""
megatron,benchmark/fault_injection/_runs/FAULT-000-control/trace_rank0.duckdb,P3_cross_rank,hyp/param/pfc/build.snapshot/optimizer.n_param_groups_positive,0,0,""
megatron,benchmark/fault_injection/_runs/FAULT-000-control/trace_rank0.duckdb,P13_aliasing,hyp/param/csm/functional.softmax/dim,0,0,""
megatron,benchmark/fault_injection/_runs/FAULT-000-control/trace_rank0.duckdb,P3_cross_rank,hyp/param/sp/build.snapshot/framework_invariants.megatron.n_transformer_layers_in_local_module_nonzero,0,0,""
megatron,benchmark/fault_injection/_runs/FAULT-000-control/trace_rank0.duckdb,P4_invocation,hyp/param/sp/module.fwd.post/output.abs_max_nonzero,0,0,""
megatron,benchmark/fault_injection/_runs/FAULT-000-control/trace_rank0.duckdb,P9_init,hyp/param/sp/functional.softmax/callsite.line_nonzero,0,0,""
megatron,benchmark/fault_injection/_runs/FAULT-000-control/trace_rank0.duckdb,P3_cross_rank,hyp/param/pfc/functional.softmax/output.abs_max_positive,0,0,""
megatron,benchmark/fault_injection/_runs/FAULT-000-control/trace_rank0.duckdb,P3_cross_rank,hyp/param/csm/optim.step.pre/n_params,19,1,""
megatron,benchmark/fault_injection/_runs/FAULT-000-control/trace_rank0.duckdb,P5_state_restore,hyp/param/sp/functional.softmax/output.mean_nonzero,0,0,""
megatron,benchmark/fault_injection/_runs/FAULT-000-control/trace_rank0.duckdb,P14_sharded,hyp/param/sp/module.fwd.post/output.max_nonzero,0,0,""
megatron,benchmark/fault_injection/_runs/FAULT-000-control/trace_rank0.duckdb,P16_loss_norm,hyp/param/pfc/functional.softmax/output.abs_max_positive,0,0,""
megatron,benchmark/fault_injection/_runs/FAULT-000-control/trace_rank0.duckdb,P5_state_restore,hyp/param/sp/optim.step.post/state_step_min_nonzero,0,0,""
megatron,benchmark/fault_injection/_runs/FAULT-000-control/trace_rank0.duckdb,P11_pos_enc,hyp/param/pfc/module.fwd.post/output.abs_max_positive,0,0,""
megatron,benchmark/fault_injection/_runs/FAULT-000-control/trace_rank0.duckdb,P2_scaling,hyp/param/pfc/module.fwd.post/output.l2_norm_positive,0,0,""
megatron,benchmark/fault_injection/_runs/FAULT-000-control/trace_rank0.duckdb,P6_structural,hyp/param/sp/build.snapshot/framework_invariants.megatron.n_transformer_layers_in_local_module_nonzero,0,0,""
megatron,benchmark/fault_injection/_runs/FAULT-000-control/trace_rank0.duckdb,P1_dtype,hyp/param/pfc/optim.step.post/total_param_l2_positive,0,0,""
megatron,benchmark/fault_injection/_runs/FAULT-000-control/trace_rank0.duckdb,P8_topology,hyp/param/tsb/functional.softmax/output.l2_norm_positive,0,0,""
megatron,benchmark/fault_injection/_runs/FAULT-000-control/trace_rank0.duckdb,P3_cross_rank,hyp/param/csm/functional.softmax/dim,0,0,""
megatron,benchmark/fault_injection/_runs/FAULT-000-control/trace_rank0.duckdb,P13_aliasing,hyp/param/sp/module.fwd.post/module_id_nonzero,0,0,""
megatron,benchmark/fault_injection/_runs/FAULT-000-control/trace_rank0.duckdb,P9_init,hyp/param/sp/functional.softmax/output.mean_nonzero,0,0,""
megatron,benchmark/fault_injection/_runs/FAULT-000-control/trace_rank0.duckdb,P9_init,hyp/param/sp/module.fwd.post/output.mean_nonzero,4462,1,""
megatron,benchmark/fault_injection/_runs/FAULT-000-control/trace_rank0.duckdb,P16_loss_norm,hyp/param/pfc/module.fwd.post/output.min_positive,11214,1,""
megatron,benchmark/fault_injection/_runs/FAULT-000-control/trace_rank0.duckdb,P10_config_couple,hyp/param/tsb/functional.softmax/output.min_positive,0,0,""
megatron,benchmark/fault_injection/_runs/FAULT-000-control/trace_rank0.duckdb,P10_config_couple,hyp/param/sp/module.fwd.post/output.abs_max_nonzero,0,0,""
megatron,benchmark/fault_injection/_runs/FAULT-000-control/trace_rank0.duckdb,P8_topology,hyp/param/sp/optim.step.post/state_step_min_nonzero,0,0,""
megatron,benchmark/fault_injection/_runs/FAULT-000-control/trace_rank0.duckdb,P3_cross_rank,hyp/param/csm/optim.step.post/state_step_n_params,19,1,""
megatron,benchmark/fault_injection/_runs/FAULT-000-control/trace_rank0.duckdb,P9_init,hyp/param/tsb/functional.softmax/output.l2_norm_positive,0,0,""
megatron,benchmark/fault_injection/_runs/FAULT-000-control/trace_rank0.duckdb,P15_counter,hyp/param/tsb/functional.softmax/output.max_positive,0,0,""
megatron,benchmark/fault_injection/_runs/FAULT-000-control/trace_rank0.duckdb,P14_sharded,hyp/param/sp/functional.softmax/output.max_nonzero,0,0,""
megatron,benchmark/fault_injection/_runs/FAULT-000-control/trace_rank0.duckdb,P12_alg_variant,hyp/param/pfc/module.fwd.post/output.min_positive,11214,1,""
megatron,benchmark/fault_injection/_runs/FAULT-000-control/trace_rank0.duckdb,P6_structural,hyp/param/sp/functional.softmax/output.min_nonzero,0,0,""
megatron,benchmark/fault_injection/_runs/FAULT-000-control/trace_rank0.duckdb,P11_pos_enc,hyp/param/sp/build.snapshot/model.n_parameters_nonzero,0,0,""
deepspeed,benchmark/sweep/_runs/dense_190M/trace_rank0.duckdb,P2_scaling,hyp/param/sp/module.fwd.post/output.abs_max_nonzero,0,0,""
deepspeed,benchmark/sweep/_runs/dense_190M/trace_rank0.duckdb,P12_alg_variant,hyp/param/tsb/comm.post/tensor_post.min_positive,1677,1,""
deepspeed,benchmark/sweep/_runs/dense_190M/trace_rank0.duckdb,P5_state_restore,hyp/param/sp/optim.step.post/total_param_l2_nonzero,0,0,""
deepspeed,benchmark/sweep/_runs/dense_190M/trace_rank0.duckdb,P4_invocation,hyp/param/sp/module.fwd.post/output.min_nonzero,14322,1,""
deepspeed,benchmark/sweep/_runs/dense_190M/trace_rank0.duckdb,P14_sharded,hyp/param/sp/module.bwd/module_id_nonzero,0,0,""
deepspeed,benchmark/sweep/_runs/dense_190M/trace_rank0.duckdb,P4_invocation,hyp/param/sp/module.fwd.post/output.abs_max_nonzero,0,0,""
deepspeed,benchmark/sweep/_runs/dense_190M/trace_rank0.duckdb,P5_state_restore,hyp/param/sp/module.fwd.post/output.l2_norm_nonzero,0,0,""
deepspeed,benchmark/sweep/_runs/dense_190M/trace_rank0.duckdb,P12_alg_variant,hyp/param/pfc/module.fwd.post/output.min_positive,14322,1,""
deepspeed,benchmark/sweep/_runs/dense_190M/trace_rank0.duckdb,P5_state_restore,hyp/param/sp/comm.pre/group_size_nonzero,0,0,""
deepspeed,benchmark/sweep/_runs/dense_190M/trace_rank0.duckdb,P2_scaling,hyp/param/sp/optim.step.post/total_param_l2_nonzero,0,0,""
deepspeed,benchmark/sweep/_runs/dense_190M/trace_rank0.duckdb,P2_scaling,hyp/param/pfc/comm.post/tensor_post.l2_norm_positive,0,0,""
deepspeed,benchmark/sweep/_runs/dense_190M/trace_rank0.duckdb,P9_init,hyp/param/tsb/comm.post/tensor_post.min_positive,1677,1,""
deepspeed,benchmark/sweep/_runs/dense_190M/trace_rank0.duckdb,P10_config_couple,hyp/param/sp/module.fwd.post/output.min_nonzero,14322,1,""
deepspeed,benchmark/sweep/_runs/dense_190M/trace_rank0.duckdb,P15_counter,hyp/param/tsb/module.fwd.post/output.min_positive,14322,1,""
deepspeed,benchmark/sweep/_runs/dense_190M/trace_rank0.duckdb,P12_alg_variant,hyp/param/sp/module.fwd.post/output.l2_norm_nonzero,0,0,""
deepspeed,benchmark/sweep/_runs/dense_190M/trace_rank0.duckdb,P12_alg_variant,hyp/param/pfc/module.fwd.post/output.abs_max_positive,0,0,""
deepspeed,benchmark/sweep/_runs/dense_190M/trace_rank0.duckdb,P5_state_restore,hyp/param/pfc/build.snapshot/optimizer.n_param_groups_positive,0,0,""
deepspeed,benchmark/sweep/_runs/dense_190M/trace_rank0.duckdb,P13_aliasing,hyp/param/tsb/comm.pre/tensor_pre.max_positive,32,1,""
deepspeed,benchmark/sweep/_runs/dense_190M/trace_rank0.duckdb,P5_state_restore,hyp/param/pfc/comm.post/tensor_post.mean_positive,148,1,""
deepspeed,benchmark/sweep/_runs/dense_190M/trace_rank0.duckdb,P2_scaling,hyp/param/pfc/optim.step.post/state_step_max_positive,0,0,""
deepspeed,benchmark/sweep/_runs/dense_190M/trace_rank0.duckdb,P15_counter,hyp/param/csm/optim.step.post/total_param_l2,0,0,""
deepspeed,benchmark/sweep/_runs/dense_190M/trace_rank0.duckdb,P11_pos_enc,hyp/param/sp/comm.post/group_size_nonzero,0,0,""
deepspeed,benchmark/sweep/_runs/dense_190M/trace_rank0.duckdb,P10_config_couple,hyp/param/csm/module.fwd.post/output.max,9411,1,""
deepspeed,benchmark/sweep/_runs/dense_190M/trace_rank0.duckdb,P13_aliasing,hyp/param/sp/comm.post/group_size_nonzero,0,0,""
deepspeed,benchmark/sweep/_runs/dense_190M/trace_rank0.duckdb,P10_config_couple,hyp/param/csm/optim.step.post/state_step_n_params,29,1,""
deepspeed,benchmark/sweep/_runs/dense_190M/trace_rank0.duckdb,P5_state_restore,hyp/param/pfc/comm.post/group_size_positive,0,0,""
deepspeed,benchmark/sweep/_runs/dense_190M/trace_rank0.duckdb,P5_state_restore,hyp/param/sp/comm.pre/tensor_pre.max_nonzero,32,1,""
deepspeed,benchmark/sweep/_runs/dense_190M/trace_rank0.duckdb,P9_init,hyp/param/sp/module.fwd.post/output.max_nonzero,0,0,""
deepspeed,benchmark/sweep/_runs/dense_190M/trace_rank0.duckdb,P5_state_restore,hyp/param/pfc/comm.pre/tensor_pre.max_positive,32,1,""
deepspeed,benchmark/sweep/_runs/dense_190M/trace_rank0.duckdb,P13_aliasing,hyp/param/pfc/comm.post/group_size_positive,0,0,""
deepspeed,benchmark/sweep/_runs/dense_190M/trace_rank0.duckdb,P9_init,hyp/param/csm/module.fwd.post/module_id,6882,1,""
deepspeed,benchmark/sweep/_runs/dense_190M/trace_rank0.duckdb,P7_step_progress,hyp/param/pfc/optim.step.post/total_param_l2_positive,0,0,""
deepspeed,benchmark/sweep/_runs/dense_190M/trace_rank0.duckdb,P2_scaling,hyp/param/pfc/comm.pre/tensor_pre.max_positive,32,1,""
deepspeed,benchmark/sweep/_runs/dense_190M/trace_rank0.duckdb,P13_aliasing,hyp/param/pfc/optim.step.pre/total_param_l2_positive,0,0,""
deepspeed,benchmark/sweep/_runs/dense_190M/trace_rank0.duckdb,P10_config_couple,hyp/param/csm/build.snapshot/model.n_modules,0,0,""
deepspeed,benchmark/sweep/_runs/dense_190M/trace_rank0.duckdb,P1_dtype,hyp/param/pfc/comm.post/tensor_post.max_positive,32,1,""
deepspeed,benchmark/sweep/_runs/dense_190M/trace_rank0.duckdb,P1_dtype,hyp/param/sp/comm.post/tensor_post.max_nonzero,32,1,""
deepspeed,benchmark/sweep/_runs/dense_190M/trace_rank0.duckdb,P13_aliasing,hyp/param/pfc/build.snapshot/optimizer.n_param_groups_positive,0,0,""
deepspeed,benchmark/sweep/_runs/dense_190M/trace_rank0.duckdb,P10_config_couple,hyp/param/sp/module.fwd.post/output.l2_norm_nonzero,0,0,""
deepspeed,benchmark/sweep/_runs/dense_190M/trace_rank0.duckdb,P14_sharded,hyp/param/sp/comm.post/tensor_post.mean_nonzero,148,1,""
deepspeed,benchmark/sweep/_runs/dense_190M/trace_rank0.duckdb,P15_counter,hyp/param/tsb/module.fwd.post/output.max_positive,0,0,""
deepspeed,benchmark/sweep/_runs/dense_190M/trace_rank0.duckdb,P14_sharded,hyp/param/sp/comm.post/group_size_nonzero,0,0,""
deepspeed,benchmark/sweep/_runs/dense_190M/trace_rank0.duckdb,P4_invocation,hyp/param/csm/module.fwd.post/output.max,9411,1,""
deepspeed,benchmark/sweep/_runs/dense_190M/trace_rank0.duckdb,P5_state_restore,hyp/param/sp/module.fwd.post/output.mean_nonzero,8591,1,""
deepspeed,benchmark/sweep/_runs/dense_190M/trace_rank0.duckdb,P10_config_couple,hyp/param/sp/module.fwd.pre/module_id_nonzero,0,0,""
deepspeed,benchmark/sweep/_runs/dense_190M/trace_rank0.duckdb,P12_alg_variant,hyp/param/pfc/module.fwd.post/output.max_positive,0,0,""
deepspeed,benchmark/sweep/_runs/dense_190M/trace_rank0.duckdb,P5_state_restore,hyp/param/pfc/comm.pre/tensor_pre.mean_positive,148,1,""
deepspeed,benchmark/sweep/_runs/dense_190M/trace_rank0.duckdb,P10_config_couple,hyp/param/csm/optim.step.pre/total_param_l2,0,0,""
deepspeed,benchmark/sweep/_runs/dense_190M/trace_rank0.duckdb,P7_step_progress,hyp/tsb/no_nan_inf,0,0,""
deepspeed,benchmark/sweep/_runs/dense_190M/trace_rank0.duckdb,P5_state_restore,hyp/sp/build_has_modules,0,0,""
deepspeed,benchmark/fault_injection/_runs/FAULT-000-control/trace_rank0.duckdb,P2_scaling,hyp/param/sp/module.fwd.post/output.abs_max_nonzero,0,0,""
deepspeed,benchmark/fault_injection/_runs/FAULT-000-control/trace_rank0.duckdb,P12_alg_variant,hyp/param/tsb/comm.post/tensor_post.min_positive,2145,1,""
deepspeed,benchmark/fault_injection/_runs/FAULT-000-control/trace_rank0.duckdb,P5_state_restore,hyp/param/sp/optim.step.post/total_param_l2_nonzero,0,0,""
deepspeed,benchmark/fault_injection/_runs/FAULT-000-control/trace_rank0.duckdb,P4_invocation,hyp/param/sp/module.fwd.post/output.min_nonzero,11214,1,""
deepspeed,benchmark/fault_injection/_runs/FAULT-000-control/trace_rank0.duckdb,P14_sharded,hyp/param/sp/module.bwd/module_id_nonzero,0,0,""
deepspeed,benchmark/fault_injection/_runs/FAULT-000-control/trace_rank0.duckdb,P4_invocation,hyp/param/sp/module.fwd.post/output.abs_max_nonzero,0,0,""
deepspeed,benchmark/fault_injection/_runs/FAULT-000-control/trace_rank0.duckdb,P5_state_restore,hyp/param/sp/module.fwd.post/output.l2_norm_nonzero,0,0,""
deepspeed,benchmark/fault_injection/_runs/FAULT-000-control/trace_rank0.duckdb,P12_alg_variant,hyp/param/pfc/module.fwd.post/output.min_positive,11214,1,""
deepspeed,benchmark/fault_injection/_runs/FAULT-000-control/trace_rank0.duckdb,P5_state_restore,hyp/param/sp/comm.pre/group_size_nonzero,0,0,""
deepspeed,benchmark/fault_injection/_runs/FAULT-000-control/trace_rank0.duckdb,P2_scaling,hyp/param/sp/optim.step.post/total_param_l2_nonzero,0,0,""
deepspeed,benchmark/fault_injection/_runs/FAULT-000-control/trace_rank0.duckdb,P2_scaling,hyp/param/pfc/comm.post/tensor_post.l2_norm_positive,0,0,""
deepspeed,benchmark/fault_injection/_runs/FAULT-000-control/trace_rank0.duckdb,P9_init,hyp/param/tsb/comm.post/tensor_post.min_positive,2145,1,""
deepspeed,benchmark/fault_injection/_runs/FAULT-000-control/trace_rank0.duckdb,P10_config_couple,hyp/param/sp/module.fwd.post/output.min_nonzero,11214,1,""
deepspeed,benchmark/fault_injection/_runs/FAULT-000-control/trace_rank0.duckdb,P15_counter,hyp/param/tsb/module.fwd.post/output.min_positive,11214,1,""
deepspeed,benchmark/fault_injection/_runs/FAULT-000-control/trace_rank0.duckdb,P12_alg_variant,hyp/param/sp/module.fwd.post/output.l2_norm_nonzero,0,0,""
deepspeed,benchmark/fault_injection/_runs/FAULT-000-control/trace_rank0.duckdb,P12_alg_variant,hyp/param/pfc/module.fwd.post/output.abs_max_positive,0,0,""
deepspeed,benchmark/fault_injection/_runs/FAULT-000-control/trace_rank0.duckdb,P5_state_restore,hyp/param/pfc/build.snapshot/optimizer.n_param_groups_positive,0,0,""
deepspeed,benchmark/fault_injection/_runs/FAULT-000-control/trace_rank0.duckdb,P13_aliasing,hyp/param/tsb/comm.pre/tensor_pre.max_positive,22,1,""
deepspeed,benchmark/fault_injection/_runs/FAULT-000-control/trace_rank0.duckdb,P5_state_restore,hyp/param/pfc/comm.post/tensor_post.mean_positive,540,1,""
deepspeed,benchmark/fault_injection/_runs/FAULT-000-control/trace_rank0.duckdb,P2_scaling,hyp/param/pfc/optim.step.post/state_step_max_positive,0,0,""
deepspeed,benchmark/fault_injection/_runs/FAULT-000-control/trace_rank0.duckdb,P15_counter,hyp/param/csm/optim.step.post/total_param_l2,0,0,""
deepspeed,benchmark/fault_injection/_runs/FAULT-000-control/trace_rank0.duckdb,P11_pos_enc,hyp/param/sp/comm.post/group_size_nonzero,0,0,""
deepspeed,benchmark/fault_injection/_runs/FAULT-000-control/trace_rank0.duckdb,P10_config_couple,hyp/param/csm/module.fwd.post/output.max,7791,1,""
deepspeed,benchmark/fault_injection/_runs/FAULT-000-control/trace_rank0.duckdb,P13_aliasing,hyp/param/sp/comm.post/group_size_nonzero,0,0,""
deepspeed,benchmark/fault_injection/_runs/FAULT-000-control/trace_rank0.duckdb,P10_config_couple,hyp/param/csm/optim.step.post/state_step_n_params,19,1,""
deepspeed,benchmark/fault_injection/_runs/FAULT-000-control/trace_rank0.duckdb,P5_state_restore,hyp/param/pfc/comm.post/group_size_positive,0,0,""
deepspeed,benchmark/fault_injection/_runs/FAULT-000-control/trace_rank0.duckdb,P5_state_restore,hyp/param/sp/comm.pre/tensor_pre.max_nonzero,22,1,""
deepspeed,benchmark/fault_injection/_runs/FAULT-000-control/trace_rank0.duckdb,P9_init,hyp/param/sp/module.fwd.post/output.max_nonzero,0,0,""
deepspeed,benchmark/fault_injection/_runs/FAULT-000-control/trace_rank0.duckdb,P5_state_restore,hyp/param/pfc/comm.pre/tensor_pre.max_positive,22,1,""
deepspeed,benchmark/fault_injection/_runs/FAULT-000-control/trace_rank0.duckdb,P13_aliasing,hyp/param/pfc/comm.post/group_size_positive,0,0,""
deepspeed,benchmark/fault_injection/_runs/FAULT-000-control/trace_rank0.duckdb,P9_init,hyp/param/csm/module.fwd.post/module_id,5921,1,""
deepspeed,benchmark/fault_injection/_runs/FAULT-000-control/trace_rank0.duckdb,P7_step_progress,hyp/param/pfc/optim.step.post/total_param_l2_positive,0,0,""
deepspeed,benchmark/fault_injection/_runs/FAULT-000-control/trace_rank0.duckdb,P2_scaling,hyp/param/pfc/comm.pre/tensor_pre.max_positive,22,1,""
deepspeed,benchmark/fault_injection/_runs/FAULT-000-control/trace_rank0.duckdb,P13_aliasing,hyp/param/pfc/optim.step.pre/total_param_l2_positive,0,0,""
deepspeed,benchmark/fault_injection/_runs/FAULT-000-control/trace_rank0.duckdb,P10_config_couple,hyp/param/csm/build.snapshot/model.n_modules,0,0,""
deepspeed,benchmark/fault_injection/_runs/FAULT-000-control/trace_rank0.duckdb,P1_dtype,hyp/param/pfc/comm.post/tensor_post.max_positive,22,1,""
deepspeed,benchmark/fault_injection/_runs/FAULT-000-control/trace_rank0.duckdb,P1_dtype,hyp/param/sp/comm.post/tensor_post.max_nonzero,22,1,""
deepspeed,benchmark/fault_injection/_runs/FAULT-000-control/trace_rank0.duckdb,P13_aliasing,hyp/param/pfc/build.snapshot/optimizer.n_param_groups_positive,0,0,""
deepspeed,benchmark/fault_injection/_runs/FAULT-000-control/trace_rank0.duckdb,P10_config_couple,hyp/param/sp/module.fwd.post/output.l2_norm_nonzero,0,0,""
deepspeed,benchmark/fault_injection/_runs/FAULT-000-control/trace_rank0.duckdb,P14_sharded,hyp/param/sp/comm.post/tensor_post.mean_nonzero,540,1,""
deepspeed,benchmark/fault_injection/_runs/FAULT-000-control/trace_rank0.duckdb,P15_counter,hyp/param/tsb/module.fwd.post/output.max_positive,0,0,""
deepspeed,benchmark/fault_injection/_runs/FAULT-000-control/trace_rank0.duckdb,P14_sharded,hyp/param/sp/comm.post/group_size_nonzero,0,0,""
deepspeed,benchmark/fault_injection/_runs/FAULT-000-control/trace_rank0.duckdb,P4_invocation,hyp/param/csm/module.fwd.post/output.max,7791,1,""
deepspeed,benchmark/fault_injection/_runs/FAULT-000-control/trace_rank0.duckdb,P5_state_restore,hyp/param/sp/module.fwd.post/output.mean_nonzero,4462,1,""
deepspeed,benchmark/fault_injection/_runs/FAULT-000-control/trace_rank0.duckdb,P10_config_couple,hyp/param/sp/module.fwd.pre/module_id_nonzero,0,0,""
deepspeed,benchmark/fault_injection/_runs/FAULT-000-control/trace_rank0.duckdb,P12_alg_variant,hyp/param/pfc/module.fwd.post/output.max_positive,0,0,""
deepspeed,benchmark/fault_injection/_runs/FAULT-000-control/trace_rank0.duckdb,P5_state_restore,hyp/param/pfc/comm.pre/tensor_pre.mean_positive,540,1,""
deepspeed,benchmark/fault_injection/_runs/FAULT-000-control/trace_rank0.duckdb,P10_config_couple,hyp/param/csm/optim.step.pre/total_param_l2,0,0,""
deepspeed,benchmark/fault_injection/_runs/FAULT-000-control/trace_rank0.duckdb,P7_step_progress,hyp/tsb/no_nan_inf,0,0,""
deepspeed,benchmark/fault_injection/_runs/FAULT-000-control/trace_rank0.duckdb,P5_state_restore,hyp/sp/build_has_modules,0,0,""
olmo,benchmark/sweep/_runs/dense_190M/trace_rank0.duckdb,P4_invocation,hyp/param/sp/comm.pre/tensor_pre.max_nonzero,32,1,""
olmo,benchmark/sweep/_runs/dense_190M/trace_rank0.duckdb,P9_init,hyp/param/tsb/comm.pre/tensor_pre.max_positive,32,1,""
olmo,benchmark/sweep/_runs/dense_190M/trace_rank0.duckdb,P12_alg_variant,hyp/param/sp/optim.step.pre/n_params_nonzero,0,0,""
olmo,benchmark/sweep/_runs/dense_190M/trace_rank0.duckdb,P1_dtype,hyp/param/sp/module.fwd.post/output.l2_norm_nonzero,0,0,""
olmo,benchmark/sweep/_runs/dense_190M/trace_rank0.duckdb,P12_alg_variant,hyp/param/sp/build.snapshot/optimizer.n_param_groups_nonzero,0,0,""
olmo,benchmark/sweep/_runs/dense_190M/trace_rank0.duckdb,P9_init,hyp/param/sp/comm.post/tensor_post.max_nonzero,32,1,""
olmo,benchmark/sweep/_runs/dense_190M/trace_rank0.duckdb,P2_scaling,hyp/param/pfc/module.fwd.post/output.abs_max_positive,0,0,""
olmo,benchmark/sweep/_runs/dense_190M/trace_rank0.duckdb,P12_alg_variant,hyp/sp/build_has_modules,0,0,""
olmo,benchmark/sweep/_runs/dense_190M/trace_rank0.duckdb,P15_counter,hyp/param/tsb/module.fwd.post/output.max_positive,0,0,""
olmo,benchmark/sweep/_runs/dense_190M/trace_rank0.duckdb,P5_state_restore,hyp/param/sp/optim.step.post/total_param_l2_nonzero,0,0,""
olmo,benchmark/sweep/_runs/dense_190M/trace_rank0.duckdb,P11_pos_enc,hyp/param/tsb/dataloader.batch/fields.index.min_positive,0,0,""
olmo,benchmark/sweep/_runs/dense_190M/trace_rank0.duckdb,P9_init,hyp/param/sp/module.fwd.pre/module_id_nonzero,0,0,""
olmo,benchmark/sweep/_runs/dense_190M/trace_rank0.duckdb,P6_structural,hyp/tsb/no_nan_inf,0,0,""
olmo,benchmark/sweep/_runs/dense_190M/trace_rank0.duckdb,P2_scaling,hyp/param/csm/optim.step.post/state_step_n_params,29,1,""
olmo,benchmark/sweep/_runs/dense_190M/trace_rank0.duckdb,P12_alg_variant,hyp/param/sp/comm.pre/tensor_pre.min_nonzero,1677,1,""
olmo,benchmark/sweep/_runs/dense_190M/trace_rank0.duckdb,P12_alg_variant,hyp/param/sp/build.snapshot/model.n_modules_nonzero,0,0,""
olmo,benchmark/sweep/_runs/dense_190M/trace_rank0.duckdb,P4_invocation,hyp/param/pfc/module.fwd.post/output.abs_max_positive,0,0,""
olmo,benchmark/sweep/_runs/dense_190M/trace_rank0.duckdb,P1_dtype,hyp/param/sp/optim.step.post/state_step_min_nonzero,0,0,""
olmo,benchmark/sweep/_runs/dense_190M/trace_rank0.duckdb,P1_dtype,hyp/param/sp/optim.step.post/state_step_n_params_nonzero,0,0,""
olmo,benchmark/sweep/_runs/dense_190M/trace_rank0.duckdb,P4_invocation,hyp/param/tsb/comm.pre/tensor_pre.max_positive,32,1,""
olmo,benchmark/sweep/_runs/dense_190M/trace_rank0.duckdb,P1_dtype,hyp/param/pfc/module.fwd.post/output.max_positive,0,0,""
olmo,benchmark/sweep/_runs/dense_190M/trace_rank0.duckdb,P12_alg_variant,hyp/tsb/no_nan_inf,0,0,""
olmo,benchmark/sweep/_runs/dense_190M/trace_rank0.duckdb,P11_pos_enc,hyp/param/tsb/dataloader.batch/fields.input_ids.min_positive,1,1,""
olmo,benchmark/sweep/_runs/dense_190M/trace_rank0.duckdb,P3_cross_rank,hyp/param/pfc/optim.step.pre/n_params_positive,0,0,""
olmo,benchmark/sweep/_runs/dense_190M/trace_rank0.duckdb,P5_state_restore,hyp/param/sp/module.fwd.post/output.mean_nonzero,8591,1,""
olmo,benchmark/sweep/_runs/dense_190M/trace_rank0.duckdb,P5_state_restore,hyp/param/sp/optim.step.post/state_step_max_nonzero,0,0,""
olmo,benchmark/sweep/_runs/dense_190M/trace_rank0.duckdb,P7_step_progress,hyp/param/sp/dataloader.batch/fields.index.min_nonzero,0,0,""
olmo,benchmark/sweep/_runs/dense_190M/trace_rank0.duckdb,P9_init,hyp/param/sp/module.fwd.post/output.mean_nonzero,8591,1,""
olmo,benchmark/sweep/_runs/dense_190M/trace_rank0.duckdb,P3_cross_rank,hyp/param/pfc/module.fwd.post/output.mean_positive,8591,1,""
olmo,benchmark/sweep/_runs/dense_190M/trace_rank0.duckdb,P7_step_progress,hyp/param/sp/comm.pre/tensor_pre.max_nonzero,32,1,""
olmo,benchmark/sweep/_runs/dense_190M/trace_rank0.duckdb,P2_scaling,hyp/param/sp/optim.step.pre/total_param_l2_nonzero,0,0,""
olmo,benchmark/sweep/_runs/dense_190M/trace_rank0.duckdb,P4_invocation,hyp/param/sp/module.fwd.post/output.min_nonzero,14322,1,""
olmo,benchmark/sweep/_runs/dense_190M/trace_rank0.duckdb,P11_pos_enc,hyp/param/tsb/module.fwd.post/output.l2_norm_positive,0,0,""
olmo,benchmark/sweep/_runs/dense_190M/trace_rank0.duckdb,P11_pos_enc,hyp/param/sp/build.snapshot/optimizer.n_param_groups_nonzero,0,0,""
olmo,benchmark/sweep/_runs/dense_190M/trace_rank0.duckdb,P15_counter,hyp/param/tsb/dataloader.batch/fields.input_ids.min_positive,1,1,""
olmo,benchmark/sweep/_runs/dense_190M/trace_rank0.duckdb,P1_dtype,hyp/param/sp/comm.post/tensor_post.min_nonzero,1677,1,""
olmo,benchmark/sweep/_runs/dense_190M/trace_rank0.duckdb,P6_structural,hyp/sp/build_has_modules,0,0,""
olmo,benchmark/sweep/_runs/dense_190M/trace_rank0.duckdb,P6_structural,hyp/param/sp/module.bwd/module_id_nonzero,0,0,""
olmo,benchmark/sweep/_runs/dense_190M/trace_rank0.duckdb,P5_state_restore,hyp/param/sp/dataloader.batch/fields.input_ids.abs_max_nonzero,0,0,""
olmo,benchmark/sweep/_runs/dense_190M/trace_rank0.duckdb,P7_step_progress,hyp/param/pfc/dataloader.batch/input_ids.max_positive,0,0,""
olmo,benchmark/sweep/_runs/dense_190M/trace_rank0.duckdb,P2_scaling,hyp/param/sp/dataloader.batch/fields.input_ids.min_nonzero,1,1,""
olmo,benchmark/sweep/_runs/dense_190M/trace_rank0.duckdb,P4_invocation,hyp/param/tsb/dataloader.batch/fields.index.min_positive,0,0,""
olmo,benchmark/sweep/_runs/dense_190M/trace_rank0.duckdb,P13_aliasing,hyp/param/sp/optim.step.pre/total_param_l2_nonzero,0,0,""
olmo,benchmark/sweep/_runs/dense_190M/trace_rank0.duckdb,P3_cross_rank,hyp/param/pfc/build.snapshot/model.n_modules_positive,0,0,""
olmo,benchmark/sweep/_runs/dense_190M/trace_rank0.duckdb,P3_cross_rank,hyp/param/csm/optim.step.post/state_step_min,0,0,""
olmo,benchmark/sweep/_runs/dense_190M/trace_rank0.duckdb,P2_scaling,hyp/param/pfc/dataloader.batch/fields.index.mean_positive,0,0,""
olmo,benchmark/sweep/_runs/dense_190M/trace_rank0.duckdb,P4_invocation,hyp/param/sp/module.fwd.post/module_id_nonzero,0,0,""
olmo,benchmark/sweep/_runs/dense_190M/trace_rank0.duckdb,P2_scaling,hyp/param/pfc/optim.step.post/state_step_min_positive,0,0,""
olmo,benchmark/sweep/_runs/dense_190M/trace_rank0.duckdb,P13_aliasing,hyp/param/sp/dataloader.batch/fields.index.abs_max_nonzero,0,0,""
olmo,benchmark/sweep/_runs/dense_190M/trace_rank0.duckdb,P9_init,hyp/param/sp/module.fwd.post/output.mean_nonzero,8591,1,""
olmo,benchmark/fault_injection/_runs/FAULT-000-control/trace_rank0.duckdb,P4_invocation,hyp/param/sp/comm.pre/tensor_pre.max_nonzero,22,1,""
olmo,benchmark/fault_injection/_runs/FAULT-000-control/trace_rank0.duckdb,P9_init,hyp/param/tsb/comm.pre/tensor_pre.max_positive,22,1,""
olmo,benchmark/fault_injection/_runs/FAULT-000-control/trace_rank0.duckdb,P12_alg_variant,hyp/param/sp/optim.step.pre/n_params_nonzero,0,0,""
olmo,benchmark/fault_injection/_runs/FAULT-000-control/trace_rank0.duckdb,P1_dtype,hyp/param/sp/module.fwd.post/output.l2_norm_nonzero,0,0,""
olmo,benchmark/fault_injection/_runs/FAULT-000-control/trace_rank0.duckdb,P12_alg_variant,hyp/param/sp/build.snapshot/optimizer.n_param_groups_nonzero,0,0,""
olmo,benchmark/fault_injection/_runs/FAULT-000-control/trace_rank0.duckdb,P9_init,hyp/param/sp/comm.post/tensor_post.max_nonzero,22,1,""
olmo,benchmark/fault_injection/_runs/FAULT-000-control/trace_rank0.duckdb,P2_scaling,hyp/param/pfc/module.fwd.post/output.abs_max_positive,0,0,""
olmo,benchmark/fault_injection/_runs/FAULT-000-control/trace_rank0.duckdb,P12_alg_variant,hyp/sp/build_has_modules,0,0,""
olmo,benchmark/fault_injection/_runs/FAULT-000-control/trace_rank0.duckdb,P15_counter,hyp/param/tsb/module.fwd.post/output.max_positive,0,0,""
olmo,benchmark/fault_injection/_runs/FAULT-000-control/trace_rank0.duckdb,P5_state_restore,hyp/param/sp/optim.step.post/total_param_l2_nonzero,0,0,""
olmo,benchmark/fault_injection/_runs/FAULT-000-control/trace_rank0.duckdb,P11_pos_enc,hyp/param/tsb/dataloader.batch/fields.index.min_positive,0,0,""
olmo,benchmark/fault_injection/_runs/FAULT-000-control/trace_rank0.duckdb,P9_init,hyp/param/sp/module.fwd.pre/module_id_nonzero,0,0,""
olmo,benchmark/fault_injection/_runs/FAULT-000-control/trace_rank0.duckdb,P6_structural,hyp/tsb/no_nan_inf,0,0,""
olmo,benchmark/fault_injection/_runs/FAULT-000-control/trace_rank0.duckdb,P2_scaling,hyp/param/csm/optim.step.post/state_step_n_params,19,1,""
olmo,benchmark/fault_injection/_runs/FAULT-000-control/trace_rank0.duckdb,P12_alg_variant,hyp/param/sp/comm.pre/tensor_pre.min_nonzero,2145,1,""
olmo,benchmark/fault_injection/_runs/FAULT-000-control/trace_rank0.duckdb,P12_alg_variant,hyp/param/sp/build.snapshot/model.n_modules_nonzero,0,0,""
olmo,benchmark/fault_injection/_runs/FAULT-000-control/trace_rank0.duckdb,P4_invocation,hyp/param/pfc/module.fwd.post/output.abs_max_positive,0,0,""
olmo,benchmark/fault_injection/_runs/FAULT-000-control/trace_rank0.duckdb,P1_dtype,hyp/param/sp/optim.step.post/state_step_min_nonzero,0,0,""
olmo,benchmark/fault_injection/_runs/FAULT-000-control/trace_rank0.duckdb,P1_dtype,hyp/param/sp/optim.step.post/state_step_n_params_nonzero,0,0,""
olmo,benchmark/fault_injection/_runs/FAULT-000-control/trace_rank0.duckdb,P4_invocation,hyp/param/tsb/comm.pre/tensor_pre.max_positive,22,1,""
olmo,benchmark/fault_injection/_runs/FAULT-000-control/trace_rank0.duckdb,P1_dtype,hyp/param/pfc/module.fwd.post/output.max_positive,0,0,""
olmo,benchmark/fault_injection/_runs/FAULT-000-control/trace_rank0.duckdb,P12_alg_variant,hyp/tsb/no_nan_inf,0,0,""
olmo,benchmark/fault_injection/_runs/FAULT-000-control/trace_rank0.duckdb,P11_pos_enc,hyp/param/tsb/dataloader.batch/fields.input_ids.min_positive,1,1,""
olmo,benchmark/fault_injection/_runs/FAULT-000-control/trace_rank0.duckdb,P3_cross_rank,hyp/param/pfc/optim.step.pre/n_params_positive,0,0,""
olmo,benchmark/fault_injection/_runs/FAULT-000-control/trace_rank0.duckdb,P5_state_restore,hyp/param/sp/module.fwd.post/output.mean_nonzero,4462,1,""
olmo,benchmark/fault_injection/_runs/FAULT-000-control/trace_rank0.duckdb,P5_state_restore,hyp/param/sp/optim.step.post/state_step_max_nonzero,0,0,""
olmo,benchmark/fault_injection/_runs/FAULT-000-control/trace_rank0.duckdb,P7_step_progress,hyp/param/sp/dataloader.batch/fields.index.min_nonzero,0,0,""
olmo,benchmark/fault_injection/_runs/FAULT-000-control/trace_rank0.duckdb,P9_init,hyp/param/sp/module.fwd.post/output.mean_nonzero,4462,1,""
olmo,benchmark/fault_injection/_runs/FAULT-000-control/trace_rank0.duckdb,P3_cross_rank,hyp/param/pfc/module.fwd.post/output.mean_positive,4462,1,""
olmo,benchmark/fault_injection/_runs/FAULT-000-control/trace_rank0.duckdb,P7_step_progress,hyp/param/sp/comm.pre/tensor_pre.max_nonzero,22,1,""
olmo,benchmark/fault_injection/_runs/FAULT-000-control/trace_rank0.duckdb,P2_scaling,hyp/param/sp/optim.step.pre/total_param_l2_nonzero,0,0,""
olmo,benchmark/fault_injection/_runs/FAULT-000-control/trace_rank0.duckdb,P4_invocation,hyp/param/sp/module.fwd.post/output.min_nonzero,11214,1,""
olmo,benchmark/fault_injection/_runs/FAULT-000-control/trace_rank0.duckdb,P11_pos_enc,hyp/param/tsb/module.fwd.post/output.l2_norm_positive,0,0,""
olmo,benchmark/fault_injection/_runs/FAULT-000-control/trace_rank0.duckdb,P11_pos_enc,hyp/param/sp/build.snapshot/optimizer.n_param_groups_nonzero,0,0,""
olmo,benchmark/fault_injection/_runs/FAULT-000-control/trace_rank0.duckdb,P15_counter,hyp/param/tsb/dataloader.batch/fields.input_ids.min_positive,1,1,""
olmo,benchmark/fault_injection/_runs/FAULT-000-control/trace_rank0.duckdb,P1_dtype,hyp/param/sp/comm.post/tensor_post.min_nonzero,2145,1,""
olmo,benchmark/fault_injection/_runs/FAULT-000-control/trace_rank0.duckdb,P6_structural,hyp/sp/build_has_modules,0,0,""
olmo,benchmark/fault_injection/_runs/FAULT-000-control/trace_rank0.duckdb,P6_structural,hyp/param/sp/module.bwd/module_id_nonzero,0,0,""
olmo,benchmark/fault_injection/_runs/FAULT-000-control/trace_rank0.duckdb,P5_state_restore,hyp/param/sp/dataloader.batch/fields.input_ids.abs_max_nonzero,0,0,""
olmo,benchmark/fault_injection/_runs/FAULT-000-control/trace_rank0.duckdb,P7_step_progress,hyp/param/pfc/dataloader.batch/input_ids.max_positive,0,0,""
olmo,benchmark/fault_injection/_runs/FAULT-000-control/trace_rank0.duckdb,P2_scaling,hyp/param/sp/dataloader.batch/fields.input_ids.min_nonzero,1,1,""
olmo,benchmark/fault_injection/_runs/FAULT-000-control/trace_rank0.duckdb,P4_invocation,hyp/param/tsb/dataloader.batch/fields.index.min_positive,0,0,""
olmo,benchmark/fault_injection/_runs/FAULT-000-control/trace_rank0.duckdb,P13_aliasing,hyp/param/sp/optim.step.pre/total_param_l2_nonzero,0,0,""
olmo,benchmark/fault_injection/_runs/FAULT-000-control/trace_rank0.duckdb,P3_cross_rank,hyp/param/pfc/build.snapshot/model.n_modules_positive,0,0,""
olmo,benchmark/fault_injection/_runs/FAULT-000-control/trace_rank0.duckdb,P3_cross_rank,hyp/param/csm/optim.step.post/state_step_min,0,0,""
olmo,benchmark/fault_injection/_runs/FAULT-000-control/trace_rank0.duckdb,P2_scaling,hyp/param/pfc/dataloader.batch/fields.index.mean_positive,0,0,""
olmo,benchmark/fault_injection/_runs/FAULT-000-control/trace_rank0.duckdb,P4_invocation,hyp/param/sp/module.fwd.post/module_id_nonzero,0,0,""
olmo,benchmark/fault_injection/_runs/FAULT-000-control/trace_rank0.duckdb,P2_scaling,hyp/param/pfc/optim.step.post/state_step_min_positive,0,0,""
olmo,benchmark/fault_injection/_runs/FAULT-000-control/trace_rank0.duckdb,P13_aliasing,hyp/param/sp/dataloader.batch/fields.index.abs_max_nonzero,0,0,""
olmo,benchmark/fault_injection/_runs/FAULT-000-control/trace_rank0.duckdb,P9_init,hyp/param/sp/module.fwd.post/output.mean_nonzero,4462,1,""
olmo_core,benchmark/sweep/_runs/dense_190M/trace_rank0.duckdb,P2_scaling,hyp/param/sp/comm.post/group_size_nonzero,0,0,""
olmo_core,benchmark/sweep/_runs/dense_190M/trace_rank0.duckdb,P1_dtype,hyp/tsb/no_nan_inf,0,0,""
olmo_core,benchmark/sweep/_runs/dense_190M/trace_rank0.duckdb,P9_init,hyp/param/tsb/dataloader.batch/input_ids.min_positive,1,1,""
olmo_core,benchmark/sweep/_runs/dense_190M/trace_rank0.duckdb,P3_cross_rank,hyp/param/sp/dataloader.batch/input_ids.mean_nonzero,0,0,""
olmo_core,benchmark/sweep/_runs/dense_190M/trace_rank0.duckdb,P5_state_restore,hyp/param/sp/dataloader.batch/fields.input_ids.max_nonzero,0,0,""
olmo_core,benchmark/sweep/_runs/dense_190M/trace_rank0.duckdb,P9_init,hyp/param/sp/module.bwd/module_id_nonzero,0,0,""
olmo_core,benchmark/sweep/_runs/dense_190M/trace_rank0.duckdb,P4_invocation,hyp/sp/build_has_modules,0,0,""
olmo_core,benchmark/sweep/_runs/dense_190M/trace_rank0.duckdb,P13_aliasing,hyp/param/pfc/build.snapshot/model.n_modules_positive,0,0,""
olmo_core,benchmark/sweep/_runs/dense_190M/trace_rank0.duckdb,P3_cross_rank,hyp/param/pfc/module.fwd.post/output.abs_max_positive,0,0,""
olmo_core,benchmark/sweep/_runs/dense_190M/trace_rank0.duckdb,P3_cross_rank,hyp/param/sp/optim.step.pre/n_params_nonzero,0,0,""
olmo_core,benchmark/sweep/_runs/dense_190M/trace_rank0.duckdb,P12_alg_variant,hyp/param/pfc/module.fwd.post/output.max_positive,0,0,""
olmo_core,benchmark/sweep/_runs/dense_190M/trace_rank0.duckdb,P13_aliasing,hyp/param/csm/dataloader.batch/input_ids.max,12,1,""
olmo_core,benchmark/sweep/_runs/dense_190M/trace_rank0.duckdb,P9_init,hyp/param/pfc/module.fwd.post/output.mean_positive,8591,1,""
olmo_core,benchmark/sweep/_runs/dense_190M/trace_rank0.duckdb,P9_init,hyp/param/sp/module.fwd.post/output.l2_norm_nonzero,0,0,""
olmo_core,benchmark/sweep/_runs/dense_190M/trace_rank0.duckdb,P2_scaling,hyp/param/pfc/dataloader.batch/input_ids.min_positive,1,1,""
olmo_core,benchmark/sweep/_runs/dense_190M/trace_rank0.duckdb,P9_init,hyp/param/csm/dataloader.batch/fields.index.min,12,1,""
olmo_core,benchmark/sweep/_runs/dense_190M/trace_rank0.duckdb,P2_scaling,hyp/param/sp/module.fwd.post/output.mean_nonzero,8591,1,""
olmo_core,benchmark/sweep/_runs/dense_190M/trace_rank0.duckdb,P2_scaling,hyp/param/sp/comm.pre/tensor_pre.l2_norm_nonzero,0,0,""
olmo_core,benchmark/sweep/_runs/dense_190M/trace_rank0.duckdb,P5_state_restore,hyp/cross_rank_equal/replica_cksum,0,0,""
olmo_core,benchmark/sweep/_runs/dense_190M/trace_rank0.duckdb,P5_state_restore,hyp/param/pfc/module.fwd.post/output.max_positive,0,0,""
olmo_core,benchmark/sweep/_runs/dense_190M/trace_rank0.duckdb,P11_pos_enc,hyp/param/pfc/module.fwd.post/output.max_positive,0,0,""
olmo_core,benchmark/sweep/_runs/dense_190M/trace_rank0.duckdb,P9_init,hyp/param/pfc/module.fwd.post/output.max_positive,0,0,""
olmo_core,benchmark/sweep/_runs/dense_190M/trace_rank0.duckdb,P1_dtype,hyp/param/sp/dataloader.batch/fields.index.abs_max_nonzero,0,0,""
olmo_core,benchmark/sweep/_runs/dense_190M/trace_rank0.duckdb,P6_structural,hyp/param/sp/comm.pre/tensor_pre.max_nonzero,32,1,""
olmo_core,benchmark/sweep/_runs/dense_190M/trace_rank0.duckdb,P8_topology,hyp/param/csm/build.snapshot/model.n_parameters,0,0,""
olmo_core,benchmark/sweep/_runs/dense_190M/trace_rank0.duckdb,P16_loss_norm,hyp/param/pfc/module.fwd.post/output.abs_max_positive,0,0,""
olmo_core,benchmark/sweep/_runs/dense_190M/trace_rank0.duckdb,P9_init,hyp/param/tsb/module.fwd.post/output.max_positive,0,0,""
olmo_core,benchmark/sweep/_runs/dense_190M/trace_rank0.duckdb,P3_cross_rank,hyp/param/sp/dataloader.batch/fields.index.mean_nonzero,0,0,""
olmo_core,benchmark/sweep/_runs/dense_190M/trace_rank0.duckdb,P5_state_restore,hyp/param/sp/dataloader.batch/input_ids.max_nonzero,0,0,""
olmo_core,benchmark/sweep/_runs/dense_190M/trace_rank0.duckdb,P2_scaling,hyp/param/pfc/module.bwd/module_id_positive,0,0,""
olmo_core,benchmark/sweep/_runs/dense_190M/trace_rank0.duckdb,P1_dtype,hyp/param/sp/comm.pre/tensor_pre.max_nonzero,32,1,""
olmo_core,benchmark/sweep/_runs/dense_190M/trace_rank0.duckdb,P16_loss_norm,hyp/param/sp/optim.step.pre/total_grad_l2_nonzero,0,0,""
olmo_core,benchmark/sweep/_runs/dense_190M/trace_rank0.duckdb,P11_pos_enc,hyp/param/sp/build.snapshot/model.n_modules_nonzero,0,0,""
olmo_core,benchmark/sweep/_runs/dense_190M/trace_rank0.duckdb,P1_dtype,hyp/param/tsb/comm.pre/tensor_pre.min_positive,1677,1,""
olmo_core,benchmark/sweep/_runs/dense_190M/trace_rank0.duckdb,P7_step_progress,hyp/param/sp/dataloader.batch/fields.index.max_nonzero,0,0,""
olmo_core,benchmark/sweep/_runs/dense_190M/trace_rank0.duckdb,P9_init,hyp/param/tsb/dataloader.batch/fields.index.max_positive,0,0,""
olmo_core,benchmark/sweep/_runs/dense_190M/trace_rank0.duckdb,P13_aliasing,hyp/param/csm/module.fwd.post/output.l2_norm,8679,1,""
olmo_core,benchmark/sweep/_runs/dense_190M/trace_rank0.duckdb,P9_init,hyp/param/pfc/module.fwd.post/output.min_positive,14322,1,""
olmo_core,benchmark/sweep/_runs/dense_190M/trace_rank0.duckdb,P2_scaling,hyp/sp/build_has_modules,0,0,""
olmo_core,benchmark/sweep/_runs/dense_190M/trace_rank0.duckdb,P2_scaling,hyp/param/pfc/dataloader.batch/fields.input_ids.mean_positive,0,0,""
olmo_core,benchmark/sweep/_runs/dense_190M/trace_rank0.duckdb,P2_scaling,hyp/param/pfc/build.snapshot/model.n_modules_positive,0,0,""
olmo_core,benchmark/sweep/_runs/dense_190M/trace_rank0.duckdb,P7_step_progress,hyp/param/sp/module.fwd.post/output.l2_norm_nonzero,0,0,""
olmo_core,benchmark/sweep/_runs/dense_190M/trace_rank0.duckdb,P9_init,hyp/param/tsb/dataloader.batch/input_ids.max_positive,0,0,""
olmo_core,benchmark/sweep/_runs/dense_190M/trace_rank0.duckdb,P4_invocation,hyp/param/sp/optim.step.post/state_step_min_nonzero,0,0,""
olmo_core,benchmark/sweep/_runs/dense_190M/trace_rank0.duckdb,P4_invocation,hyp/param/sp/optim.step.post/state_step_n_params_nonzero,0,0,""
olmo_core,benchmark/sweep/_runs/dense_190M/trace_rank0.duckdb,P8_topology,hyp/param/pfc/module.fwd.post/output.l2_norm_positive,0,0,""
olmo_core,benchmark/sweep/_runs/dense_190M/trace_rank0.duckdb,P11_pos_enc,hyp/param/sp/module.fwd.post/module_id_nonzero,0,0,""
olmo_core,benchmark/sweep/_runs/dense_190M/trace_rank0.duckdb,P2_scaling,hyp/param/sp/module.bwd/module_id_nonzero,0,0,""
olmo_core,benchmark/sweep/_runs/dense_190M/trace_rank0.duckdb,P5_state_restore,hyp/param/csm/optim.step.post/state_step_n_params,29,1,""
olmo_core,benchmark/sweep/_runs/dense_190M/trace_rank0.duckdb,P12_alg_variant,hyp/param/csm/dataloader.batch/fields.index.max,15,1,""
olmo_core,benchmark/fault_injection/_runs/FAULT-000-control/trace_rank0.duckdb,P2_scaling,hyp/param/sp/comm.post/group_size_nonzero,0,0,""
olmo_core,benchmark/fault_injection/_runs/FAULT-000-control/trace_rank0.duckdb,P1_dtype,hyp/tsb/no_nan_inf,0,0,""
olmo_core,benchmark/fault_injection/_runs/FAULT-000-control/trace_rank0.duckdb,P9_init,hyp/param/tsb/dataloader.batch/input_ids.min_positive,1,1,""
olmo_core,benchmark/fault_injection/_runs/FAULT-000-control/trace_rank0.duckdb,P3_cross_rank,hyp/param/sp/dataloader.batch/input_ids.mean_nonzero,0,0,""
olmo_core,benchmark/fault_injection/_runs/FAULT-000-control/trace_rank0.duckdb,P5_state_restore,hyp/param/sp/dataloader.batch/fields.input_ids.max_nonzero,0,0,""
olmo_core,benchmark/fault_injection/_runs/FAULT-000-control/trace_rank0.duckdb,P9_init,hyp/param/sp/module.bwd/module_id_nonzero,0,0,""
olmo_core,benchmark/fault_injection/_runs/FAULT-000-control/trace_rank0.duckdb,P4_invocation,hyp/sp/build_has_modules,0,0,""
olmo_core,benchmark/fault_injection/_runs/FAULT-000-control/trace_rank0.duckdb,P13_aliasing,hyp/param/pfc/build.snapshot/model.n_modules_positive,0,0,""
olmo_core,benchmark/fault_injection/_runs/FAULT-000-control/trace_rank0.duckdb,P3_cross_rank,hyp/param/pfc/module.fwd.post/output.abs_max_positive,0,0,""
olmo_core,benchmark/fault_injection/_runs/FAULT-000-control/trace_rank0.duckdb,P3_cross_rank,hyp/param/sp/optim.step.pre/n_params_nonzero,0,0,""
olmo_core,benchmark/fault_injection/_runs/FAULT-000-control/trace_rank0.duckdb,P12_alg_variant,hyp/param/pfc/module.fwd.post/output.max_positive,0,0,""
olmo_core,benchmark/fault_injection/_runs/FAULT-000-control/trace_rank0.duckdb,P13_aliasing,hyp/param/csm/dataloader.batch/input_ids.max,9,1,""
olmo_core,benchmark/fault_injection/_runs/FAULT-000-control/trace_rank0.duckdb,P9_init,hyp/param/pfc/module.fwd.post/output.mean_positive,4462,1,""
olmo_core,benchmark/fault_injection/_runs/FAULT-000-control/trace_rank0.duckdb,P9_init,hyp/param/sp/module.fwd.post/output.l2_norm_nonzero,0,0,""
olmo_core,benchmark/fault_injection/_runs/FAULT-000-control/trace_rank0.duckdb,P2_scaling,hyp/param/pfc/dataloader.batch/input_ids.min_positive,1,1,""
olmo_core,benchmark/fault_injection/_runs/FAULT-000-control/trace_rank0.duckdb,P9_init,hyp/param/csm/dataloader.batch/fields.index.min,9,1,""
olmo_core,benchmark/fault_injection/_runs/FAULT-000-control/trace_rank0.duckdb,P2_scaling,hyp/param/sp/module.fwd.post/output.mean_nonzero,4462,1,""
olmo_core,benchmark/fault_injection/_runs/FAULT-000-control/trace_rank0.duckdb,P2_scaling,hyp/param/sp/comm.pre/tensor_pre.l2_norm_nonzero,0,0,""
olmo_core,benchmark/fault_injection/_runs/FAULT-000-control/trace_rank0.duckdb,P5_state_restore,hyp/cross_rank_equal/replica_cksum,0,0,""
olmo_core,benchmark/fault_injection/_runs/FAULT-000-control/trace_rank0.duckdb,P5_state_restore,hyp/param/pfc/module.fwd.post/output.max_positive,0,0,""
olmo_core,benchmark/fault_injection/_runs/FAULT-000-control/trace_rank0.duckdb,P11_pos_enc,hyp/param/pfc/module.fwd.post/output.max_positive,0,0,""
olmo_core,benchmark/fault_injection/_runs/FAULT-000-control/trace_rank0.duckdb,P9_init,hyp/param/pfc/module.fwd.post/output.max_positive,0,0,""
olmo_core,benchmark/fault_injection/_runs/FAULT-000-control/trace_rank0.duckdb,P1_dtype,hyp/param/sp/dataloader.batch/fields.index.abs_max_nonzero,0,0,""
olmo_core,benchmark/fault_injection/_runs/FAULT-000-control/trace_rank0.duckdb,P6_structural,hyp/param/sp/comm.pre/tensor_pre.max_nonzero,22,1,""
olmo_core,benchmark/fault_injection/_runs/FAULT-000-control/trace_rank0.duckdb,P8_topology,hyp/param/csm/build.snapshot/model.n_parameters,0,0,""
olmo_core,benchmark/fault_injection/_runs/FAULT-000-control/trace_rank0.duckdb,P16_loss_norm,hyp/param/pfc/module.fwd.post/output.abs_max_positive,0,0,""
olmo_core,benchmark/fault_injection/_runs/FAULT-000-control/trace_rank0.duckdb,P9_init,hyp/param/tsb/module.fwd.post/output.max_positive,0,0,""
olmo_core,benchmark/fault_injection/_runs/FAULT-000-control/trace_rank0.duckdb,P3_cross_rank,hyp/param/sp/dataloader.batch/fields.index.mean_nonzero,0,0,""
olmo_core,benchmark/fault_injection/_runs/FAULT-000-control/trace_rank0.duckdb,P5_state_restore,hyp/param/sp/dataloader.batch/input_ids.max_nonzero,0,0,""
olmo_core,benchmark/fault_injection/_runs/FAULT-000-control/trace_rank0.duckdb,P2_scaling,hyp/param/pfc/module.bwd/module_id_positive,0,0,""
olmo_core,benchmark/fault_injection/_runs/FAULT-000-control/trace_rank0.duckdb,P1_dtype,hyp/param/sp/comm.pre/tensor_pre.max_nonzero,22,1,""
olmo_core,benchmark/fault_injection/_runs/FAULT-000-control/trace_rank0.duckdb,P16_loss_norm,hyp/param/sp/optim.step.pre/total_grad_l2_nonzero,0,0,""
olmo_core,benchmark/fault_injection/_runs/FAULT-000-control/trace_rank0.duckdb,P11_pos_enc,hyp/param/sp/build.snapshot/model.n_modules_nonzero,0,0,""
olmo_core,benchmark/fault_injection/_runs/FAULT-000-control/trace_rank0.duckdb,P1_dtype,hyp/param/tsb/comm.pre/tensor_pre.min_positive,2145,1,""
olmo_core,benchmark/fault_injection/_runs/FAULT-000-control/trace_rank0.duckdb,P7_step_progress,hyp/param/sp/dataloader.batch/fields.index.max_nonzero,0,0,""
olmo_core,benchmark/fault_injection/_runs/FAULT-000-control/trace_rank0.duckdb,P9_init,hyp/param/tsb/dataloader.batch/fields.index.max_positive,0,0,""
olmo_core,benchmark/fault_injection/_runs/FAULT-000-control/trace_rank0.duckdb,P13_aliasing,hyp/param/csm/module.fwd.post/output.l2_norm,7618,1,""
olmo_core,benchmark/fault_injection/_runs/FAULT-000-control/trace_rank0.duckdb,P9_init,hyp/param/pfc/module.fwd.post/output.min_positive,11214,1,""
olmo_core,benchmark/fault_injection/_runs/FAULT-000-control/trace_rank0.duckdb,P2_scaling,hyp/sp/build_has_modules,0,0,""
olmo_core,benchmark/fault_injection/_runs/FAULT-000-control/trace_rank0.duckdb,P2_scaling,hyp/param/pfc/dataloader.batch/fields.input_ids.mean_positive,0,0,""
olmo_core,benchmark/fault_injection/_runs/FAULT-000-control/trace_rank0.duckdb,P2_scaling,hyp/param/pfc/build.snapshot/model.n_modules_positive,0,0,""
olmo_core,benchmark/fault_injection/_runs/FAULT-000-control/trace_rank0.duckdb,P7_step_progress,hyp/param/sp/module.fwd.post/output.l2_norm_nonzero,0,0,""
olmo_core,benchmark/fault_injection/_runs/FAULT-000-control/trace_rank0.duckdb,P9_init,hyp/param/tsb/dataloader.batch/input_ids.max_positive,0,0,""
olmo_core,benchmark/fault_injection/_runs/FAULT-000-control/trace_rank0.duckdb,P4_invocation,hyp/param/sp/optim.step.post/state_step_min_nonzero,0,0,""
olmo_core,benchmark/fault_injection/_runs/FAULT-000-control/trace_rank0.duckdb,P4_invocation,hyp/param/sp/optim.step.post/state_step_n_params_nonzero,0,0,""
olmo_core,benchmark/fault_injection/_runs/FAULT-000-control/trace_rank0.duckdb,P8_topology,hyp/param/pfc/module.fwd.post/output.l2_norm_positive,0,0,""
olmo_core,benchmark/fault_injection/_runs/FAULT-000-control/trace_rank0.duckdb,P11_pos_enc,hyp/param/sp/module.fwd.post/module_id_nonzero,0,0,""
olmo_core,benchmark/fault_injection/_runs/FAULT-000-control/trace_rank0.duckdb,P2_scaling,hyp/param/sp/module.bwd/module_id_nonzero,0,0,""
olmo_core,benchmark/fault_injection/_runs/FAULT-000-control/trace_rank0.duckdb,P5_state_restore,hyp/param/csm/optim.step.post/state_step_n_params,19,1,""
olmo_core,benchmark/fault_injection/_runs/FAULT-000-control/trace_rank0.duckdb,P12_alg_variant,hyp/param/csm/dataloader.batch/fields.index.max,11,1,""
